{"parseHead":84.361083,"radix match":17.913854,"response write":18.701875,"middleware x3":17.187292,"radix wildcard":15.2039585,"radix nested":40.393,"Path extract":1.876979,"Query extract":12.0574375,"Json extract":58.516667,"thr.static GET":8903232.986478215,"thr.param GET":9484291.641967991,"thr.json POST":9705105.516333451,"mem.static GET":4.9152,"mem.param GET":4.9152,"mem.json POST":4.9664}
